<?xml version="1.0" encoding="UTF-8"?>
<project-private xmlns="http://www.netbeans.org/ns/project-private/1">
    <editor-bookmarks xmlns="http://www.netbeans.org/ns/editor-bookmarks/2" lastBookmarkId="0"/>
    <open-files xmlns="http://www.netbeans.org/ns/projectui-open-files/2">
        <group>
            <file>file:/N:/Students/chw221/chw221_Graded_Assignments/src/Assign8/SearchPanel.java</file>
            <file>file:/N:/Students/chw221/chw221_Graded_Assignments/src/Assign8/AirbnbHost.java</file>
            <file>file:/N:/Students/chw221/chw221_Graded_Assignments/src/Assign8/GraphPanel.java</file>
            <file>file:/N:/Students/chw221/chw221_Graded_Assignments/src/Assign8/MakeObjects.java</file>
            <file>file:/N:/Students/chw221/chw221_Graded_Assignments/src/Assign8/MainWindow.java</file>
            <file>file:/N:/Students/chw221/chw221_Graded_Assignments/src/Assign8/AirbnbProperty.java</file>
            <file>file:/N:/Students/chw221/chw221_Graded_Assignments/src/Assign8/MainPanel.java</file>
            <file>file:/N:/Students/chw221/chw221_Graded_Assignments/src/Assign8/AddPanel.java</file>
        </group>
    </open-files>
</project-private>
